login,id,node_id,avatar_url,gravatar_id,url,html_url,followers_url,following_url,gists_url,starred_url,subscriptions_url,organizations_url,repos_url,events_url,received_events_url,type,site_admin,score
hadley,4196,MDQ6VXNlcjQxOTY=,https://avatars.githubusercontent.com/u/4196?v=4,,https://api.github.com/users/hadley,https://github.com/hadley,https://api.github.com/users/hadley/followers,https://api.github.com/users/hadley/following{/other_user},https://api.github.com/users/hadley/gists{/gist_id},https://api.github.com/users/hadley/starred{/owner}{/repo},https://api.github.com/users/hadley/subscriptions,https://api.github.com/users/hadley/orgs,https://api.github.com/users/hadley/repos,https://api.github.com/users/hadley/events{/privacy},https://api.github.com/users/hadley/received_events,User,false,1
yihui,163582,MDQ6VXNlcjE2MzU4Mg==,https://avatars.githubusercontent.com/u/163582?v=4,,https://api.github.com/users/yihui,https://github.com/yihui,https://api.github.com/users/yihui/followers,https://api.github.com/users/yihui/following{/other_user},https://api.github.com/users/yihui/gists{/gist_id},https://api.github.com/users/yihui/starred{/owner}{/repo},https://api.github.com/users/yihui/subscriptions,https://api.github.com/users/yihui/orgs,https://api.github.com/users/yihui/repos,https://api.github.com/users/yihui/events{/privacy},https://api.github.com/users/yihui/received_events,User,false,1
rdpeng,9612,MDQ6VXNlcjk2MTI=,https://avatars.githubusercontent.com/u/9612?v=4,,https://api.github.com/users/rdpeng,https://github.com/rdpeng,https://api.github.com/users/rdpeng/followers,https://api.github.com/users/rdpeng/following{/other_user},https://api.github.com/users/rdpeng/gists{/gist_id},https://api.github.com/users/rdpeng/starred{/owner}{/repo},https://api.github.com/users/rdpeng/subscriptions,https://api.github.com/users/rdpeng/orgs,https://api.github.com/users/rdpeng/repos,https://api.github.com/users/rdpeng/events{/privacy},https://api.github.com/users/rdpeng/received_events,User,false,1
nfultz,418638,MDQ6VXNlcjQxODYzOA==,https://avatars.githubusercontent.com/u/418638?v=4,,https://api.github.com/users/nfultz,https://github.com/nfultz,https://api.github.com/users/nfultz/followers,https://api.github.com/users/nfultz/following{/other_user},https://api.github.com/users/nfultz/gists{/gist_id},https://api.github.com/users/nfultz/starred{/owner}{/repo},https://api.github.com/users/nfultz/subscriptions,https://api.github.com/users/nfultz/orgs,https://api.github.com/users/nfultz/repos,https://api.github.com/users/nfultz/events{/privacy},https://api.github.com/users/nfultz/received_events,User,false,1
jennybc,599454,MDQ6VXNlcjU5OTQ1NA==,https://avatars.githubusercontent.com/u/599454?v=4,,https://api.github.com/users/jennybc,https://github.com/jennybc,https://api.github.com/users/jennybc/followers,https://api.github.com/users/jennybc/following{/other_user},https://api.github.com/users/jennybc/gists{/gist_id},https://api.github.com/users/jennybc/starred{/owner}{/repo},https://api.github.com/users/jennybc/subscriptions,https://api.github.com/users/jennybc/orgs,https://api.github.com/users/jennybc/repos,https://api.github.com/users/jennybc/events{/privacy},https://api.github.com/users/jennybc/received_events,User,false,1
bcaffo,1790075,MDQ6VXNlcjE3OTAwNzU=,https://avatars.githubusercontent.com/u/1790075?v=4,,https://api.github.com/users/bcaffo,https://github.com/bcaffo,https://api.github.com/users/bcaffo/followers,https://api.github.com/users/bcaffo/following{/other_user},https://api.github.com/users/bcaffo/gists{/gist_id},https://api.github.com/users/bcaffo/starred{/owner}{/repo},https://api.github.com/users/bcaffo/subscriptions,https://api.github.com/users/bcaffo/orgs,https://api.github.com/users/bcaffo/repos,https://api.github.com/users/bcaffo/events{/privacy},https://api.github.com/users/bcaffo/received_events,User,false,1
minimaxir,2179708,MDQ6VXNlcjIxNzk3MDg=,https://avatars.githubusercontent.com/u/2179708?v=4,,https://api.github.com/users/minimaxir,https://github.com/minimaxir,https://api.github.com/users/minimaxir/followers,https://api.github.com/users/minimaxir/following{/other_user},https://api.github.com/users/minimaxir/gists{/gist_id},https://api.github.com/users/minimaxir/starred{/owner}{/repo},https://api.github.com/users/minimaxir/subscriptions,https://api.github.com/users/minimaxir/orgs,https://api.github.com/users/minimaxir/repos,https://api.github.com/users/minimaxir/events{/privacy},https://api.github.com/users/minimaxir/received_events,User,false,1
dgrtwo,994718,MDQ6VXNlcjk5NDcxOA==,https://avatars.githubusercontent.com/u/994718?v=4,,https://api.github.com/users/dgrtwo,https://github.com/dgrtwo,https://api.github.com/users/dgrtwo/followers,https://api.github.com/users/dgrtwo/following{/other_user},https://api.github.com/users/dgrtwo/gists{/gist_id},https://api.github.com/users/dgrtwo/starred{/owner}{/repo},https://api.github.com/users/dgrtwo/subscriptions,https://api.github.com/users/dgrtwo/orgs,https://api.github.com/users/dgrtwo/repos,https://api.github.com/users/dgrtwo/events{/privacy},https://api.github.com/users/dgrtwo/received_events,User,false,1
jmzeng1314,14884487,MDQ6VXNlcjE0ODg0NDg3,https://avatars.githubusercontent.com/u/14884487?v=4,,https://api.github.com/users/jmzeng1314,https://github.com/jmzeng1314,https://api.github.com/users/jmzeng1314/followers,https://api.github.com/users/jmzeng1314/following{/other_user},https://api.github.com/users/jmzeng1314/gists{/gist_id},https://api.github.com/users/jmzeng1314/starred{/owner}{/repo},https://api.github.com/users/jmzeng1314/subscriptions,https://api.github.com/users/jmzeng1314/orgs,https://api.github.com/users/jmzeng1314/repos,https://api.github.com/users/jmzeng1314/events{/privacy},https://api.github.com/users/jmzeng1314/received_events,User,false,1
terrytangyuan,4269898,MDQ6VXNlcjQyNjk4OTg=,https://avatars.githubusercontent.com/u/4269898?v=4,,https://api.github.com/users/terrytangyuan,https://github.com/terrytangyuan,https://api.github.com/users/terrytangyuan/followers,https://api.github.com/users/terrytangyuan/following{/other_user},https://api.github.com/users/terrytangyuan/gists{/gist_id},https://api.github.com/users/terrytangyuan/starred{/owner}{/repo},https://api.github.com/users/terrytangyuan/subscriptions,https://api.github.com/users/terrytangyuan/orgs,https://api.github.com/users/terrytangyuan/repos,https://api.github.com/users/terrytangyuan/events{/privacy},https://api.github.com/users/terrytangyuan/received_events,User,false,1
thomasp85,1775316,MDQ6VXNlcjE3NzUzMTY=,https://avatars.githubusercontent.com/u/1775316?v=4,,https://api.github.com/users/thomasp85,https://github.com/thomasp85,https://api.github.com/users/thomasp85/followers,https://api.github.com/users/thomasp85/following{/other_user},https://api.github.com/users/thomasp85/gists{/gist_id},https://api.github.com/users/thomasp85/starred{/owner}{/repo},https://api.github.com/users/thomasp85/subscriptions,https://api.github.com/users/thomasp85/orgs,https://api.github.com/users/thomasp85/repos,https://api.github.com/users/thomasp85/events{/privacy},https://api.github.com/users/thomasp85/received_events,User,false,1
dataprofessor,51851491,MDQ6VXNlcjUxODUxNDkx,https://avatars.githubusercontent.com/u/51851491?v=4,,https://api.github.com/users/dataprofessor,https://github.com/dataprofessor,https://api.github.com/users/dataprofessor/followers,https://api.github.com/users/dataprofessor/following{/other_user},https://api.github.com/users/dataprofessor/gists{/gist_id},https://api.github.com/users/dataprofessor/starred{/owner}{/repo},https://api.github.com/users/dataprofessor/subscriptions,https://api.github.com/users/dataprofessor/orgs,https://api.github.com/users/dataprofessor/repos,https://api.github.com/users/dataprofessor/events{/privacy},https://api.github.com/users/dataprofessor/received_events,User,false,1
tirthajyoti,26864928,MDQ6VXNlcjI2ODY0OTI4,https://avatars.githubusercontent.com/u/26864928?v=4,,https://api.github.com/users/tirthajyoti,https://github.com/tirthajyoti,https://api.github.com/users/tirthajyoti/followers,https://api.github.com/users/tirthajyoti/following{/other_user},https://api.github.com/users/tirthajyoti/gists{/gist_id},https://api.github.com/users/tirthajyoti/starred{/owner}{/repo},https://api.github.com/users/tirthajyoti/subscriptions,https://api.github.com/users/tirthajyoti/orgs,https://api.github.com/users/tirthajyoti/repos,https://api.github.com/users/tirthajyoti/events{/privacy},https://api.github.com/users/tirthajyoti/received_events,User,false,1
benedekrozemberczki,17380887,MDQ6VXNlcjE3MzgwODg3,https://avatars.githubusercontent.com/u/17380887?v=4,,https://api.github.com/users/benedekrozemberczki,https://github.com/benedekrozemberczki,https://api.github.com/users/benedekrozemberczki/followers,https://api.github.com/users/benedekrozemberczki/following{/other_user},https://api.github.com/users/benedekrozemberczki/gists{/gist_id},https://api.github.com/users/benedekrozemberczki/starred{/owner}{/repo},https://api.github.com/users/benedekrozemberczki/subscriptions,https://api.github.com/users/benedekrozemberczki/orgs,https://api.github.com/users/benedekrozemberczki/repos,https://api.github.com/users/benedekrozemberczki/events{/privacy},https://api.github.com/users/benedekrozemberczki/received_events,User,false,1
romainfrancois,2625526,MDQ6VXNlcjI2MjU1MjY=,https://avatars.githubusercontent.com/u/2625526?v=4,,https://api.github.com/users/romainfrancois,https://github.com/romainfrancois,https://api.github.com/users/romainfrancois/followers,https://api.github.com/users/romainfrancois/following{/other_user},https://api.github.com/users/romainfrancois/gists{/gist_id},https://api.github.com/users/romainfrancois/starred{/owner}{/repo},https://api.github.com/users/romainfrancois/subscriptions,https://api.github.com/users/romainfrancois/orgs,https://api.github.com/users/romainfrancois/repos,https://api.github.com/users/romainfrancois/events{/privacy},https://api.github.com/users/romainfrancois/received_events,User,false,1
